background_user_count,pdb_user_count,pdb_ms,pdb_packet_kb,case_label,background_packet_kb,background_period_ms,rho_bg,rho_pdb,prb_share_pdb,g_pdb_mbps,target_rho_bg,target_rho_pdb,actual_rho_bg,actual_rho_pdb,background_mapping_policy,pdb_mapping_policy,threshold,baseline_feasible,proposed_feasible
32,4,100,8.2,L01,2.0,38.8,0.19984668012509155,0.300228832951945,0.6003669947856352,0.6559999999999999,0.2,0.3,0.19984668012509155,0.300228832951945,candidate_domain_solve_period,candidate_domain_solve_packet,0.9,1,1
32,4,100,10.9,L03,2.0,38.8,0.19984668012509155,0.39908466819221966,0.6663279010414835,0.872,0.2,0.4,0.19984668012509155,0.39908466819221966,candidate_domain_solve_period,candidate_domain_solve_packet,0.9,0,0
32,4,100,12.3,L05,2.0,38.8,0.19984668012509155,0.45034324942791765,0.6926333813529201,0.9840000000000001,0.2,0.45,0.19984668012509155,0.45034324942791765,candidate_domain_solve_period,candidate_domain_solve_packet,0.9,0,0
32,8,100,4.1,L02,2.0,38.8,0.19984668012509155,0.300228832951945,0.6003669947856352,0.32799999999999996,0.2,0.3,0.19984668012509155,0.300228832951945,candidate_domain_solve_period,candidate_domain_solve_packet,0.9,1,1
32,8,100,5.5,L04,2.0,38.8,0.19984668012509155,0.40274599542334094,0.6683552783923122,0.44,0.2,0.4,0.19984668012509155,0.40274599542334094,candidate_domain_solve_period,candidate_domain_solve_packet,0.9,0,0
32,8,100,6.1,L06,2.0,38.8,0.19984668012509155,0.4466819221967963,0.6908927471926544,0.488,0.2,0.45,0.19984668012509155,0.4466819221967963,candidate_domain_solve_period,candidate_domain_solve_packet,0.9,0,0
40,4,100,8.2,L07,2.0,48.5,0.19984668012509152,0.300228832951945,0.6003669947856352,0.6559999999999999,0.2,0.3,0.19984668012509152,0.300228832951945,candidate_domain_solve_period,candidate_domain_solve_packet,0.9,0,0
40,4,100,10.9,L09,2.0,48.5,0.19984668012509152,0.39908466819221966,0.6663279010414835,0.872,0.2,0.4,0.19984668012509152,0.39908466819221966,candidate_domain_solve_period,candidate_domain_solve_packet,0.9,0,0
40,4,100,12.3,L11,2.0,48.5,0.19984668012509152,0.45034324942791765,0.6926333813529201,0.9840000000000001,0.2,0.45,0.19984668012509152,0.45034324942791765,candidate_domain_solve_period,candidate_domain_solve_packet,0.9,0,0
40,8,100,4.1,L08,2.0,48.5,0.19984668012509152,0.300228832951945,0.6003669947856352,0.32799999999999996,0.2,0.3,0.19984668012509152,0.300228832951945,candidate_domain_solve_period,candidate_domain_solve_packet,0.9,1,1
40,8,100,5.5,L10,2.0,48.5,0.19984668012509152,0.40274599542334094,0.6683552783923125,0.44,0.2,0.4,0.19984668012509152,0.40274599542334094,candidate_domain_solve_period,candidate_domain_solve_packet,0.9,0,0
40,8,100,6.1,L12,2.0,48.5,0.19984668012509152,0.4466819221967963,0.6908927471926546,0.488,0.2,0.45,0.19984668012509152,0.4466819221967963,candidate_domain_solve_period,candidate_domain_solve_packet,0.9,0,0
48,4,100,8.2,L13,2.0,58.2,0.19984668012509152,0.300228832951945,0.6003669947856352,0.6559999999999999,0.2,0.3,0.19984668012509152,0.300228832951945,candidate_domain_solve_period,candidate_domain_solve_packet,0.9,0,0
48,4,100,10.9,L15,2.0,58.2,0.19984668012509152,0.39908466819221966,0.6663279010414835,0.872,0.2,0.4,0.19984668012509152,0.39908466819221966,candidate_domain_solve_period,candidate_domain_solve_packet,0.9,0,0
48,4,100,12.3,L17,2.0,58.2,0.19984668012509152,0.45034324942791765,0.6926333813529201,0.9840000000000001,0.2,0.45,0.19984668012509152,0.45034324942791765,candidate_domain_solve_period,candidate_domain_solve_packet,0.9,0,0
48,8,100,4.1,L14,2.0,58.2,0.19984668012509152,0.300228832951945,0.6003669947856352,0.32799999999999996,0.2,0.3,0.19984668012509152,0.300228832951945,candidate_domain_solve_period,candidate_domain_solve_packet,0.9,1,1
48,8,100,5.5,L16,2.0,58.2,0.19984668012509152,0.40274599542334094,0.6683552783923125,0.44,0.2,0.4,0.19984668012509152,0.40274599542334094,candidate_domain_solve_period,candidate_domain_solve_packet,0.9,0,0
48,8,100,6.1,L18,2.0,58.2,0.19984668012509152,0.4466819221967963,0.6908927471926546,0.488,0.2,0.45,0.19984668012509152,0.4466819221967963,candidate_domain_solve_period,candidate_domain_solve_packet,0.9,0,0
