seed,background_user_count,pdb_user_count,pdb_ms,pdb_packet_kb,case_label,background_packet_kb,background_period_ms,rho_bg,rho_pdb,target_rho_bg,target_rho_pdb,actual_rho_bg,actual_rho_pdb,prb_share_pdb,g_pdb_mbps,background_mapping_policy,pdb_mapping_policy,baseline_edge_pdb_satisfaction_rate,proposed_edge_pdb_satisfaction_rate,delta_pdb_satisfaction_rate,center_throughput_retention,delta_prb_utilization,delta_center_prb_share,delta_edge_prb_share
7,32,4,100,8.2,L01,2.0,38.8,0.19984668012509155,0.300228832951945,0.2,0.3,0.19984668012509155,0.300228832951945,0.6003669947856352,0.6559999999999999,candidate_domain_solve_period,candidate_domain_solve_packet,1.0,1.0,0.0,1.0,0.0,0.0,0.0
7,32,8,100,4.1,L02,2.0,38.8,0.19984668012509155,0.300228832951945,0.2,0.3,0.19984668012509155,0.300228832951945,0.6003669947856352,0.32799999999999996,candidate_domain_solve_period,candidate_domain_solve_packet,1.0,1.0,0.0,1.0,0.0,0.0,0.0
7,32,4,100,10.9,L03,2.0,38.8,0.19984668012509155,0.39908466819221966,0.2,0.4,0.19984668012509155,0.39908466819221966,0.6663279010414835,0.872,candidate_domain_solve_period,candidate_domain_solve_packet,1.0,1.0,0.0,1.0,0.0,0.0,0.0
7,32,8,100,5.5,L04,2.0,38.8,0.19984668012509155,0.40274599542334094,0.2,0.4,0.19984668012509155,0.40274599542334094,0.6683552783923122,0.44,candidate_domain_solve_period,candidate_domain_solve_packet,1.0,1.0,0.0,1.0,0.0,0.0,0.0
7,32,4,100,12.3,L05,2.0,38.8,0.19984668012509155,0.45034324942791765,0.2,0.45,0.19984668012509155,0.45034324942791765,0.6926333813529201,0.9840000000000001,candidate_domain_solve_period,candidate_domain_solve_packet,1.0,1.0,0.0,1.0,0.0,0.0,0.0
7,32,8,100,6.1,L06,2.0,38.8,0.19984668012509155,0.4466819221967963,0.2,0.45,0.19984668012509155,0.4466819221967963,0.6908927471926544,0.488,candidate_domain_solve_period,candidate_domain_solve_packet,1.0,1.0,0.0,1.0,0.0,0.0,0.0
7,40,4,100,8.2,L07,2.0,48.5,0.19984668012509152,0.300228832951945,0.2,0.3,0.19984668012509152,0.300228832951945,0.6003669947856352,0.6559999999999999,candidate_domain_solve_period,candidate_domain_solve_packet,1.0,1.0,0.0,1.0,0.0,0.0,0.0
7,40,8,100,4.1,L08,2.0,48.5,0.19984668012509152,0.300228832951945,0.2,0.3,0.19984668012509152,0.300228832951945,0.6003669947856352,0.32799999999999996,candidate_domain_solve_period,candidate_domain_solve_packet,1.0,1.0,0.0,1.0,0.0,0.0,0.0
7,40,4,100,10.9,L09,2.0,48.5,0.19984668012509152,0.39908466819221966,0.2,0.4,0.19984668012509152,0.39908466819221966,0.6663279010414835,0.872,candidate_domain_solve_period,candidate_domain_solve_packet,1.0,1.0,0.0,1.0,0.0,0.0,0.0
7,40,8,100,5.5,L10,2.0,48.5,0.19984668012509152,0.40274599542334094,0.2,0.4,0.19984668012509152,0.40274599542334094,0.6683552783923125,0.44,candidate_domain_solve_period,candidate_domain_solve_packet,1.0,1.0,0.0,1.0,0.0,0.0,0.0
7,40,4,100,12.3,L11,2.0,48.5,0.19984668012509152,0.45034324942791765,0.2,0.45,0.19984668012509152,0.45034324942791765,0.6926333813529201,0.9840000000000001,candidate_domain_solve_period,candidate_domain_solve_packet,1.0,1.0,0.0,1.0,0.0,0.0,0.0
7,40,8,100,6.1,L12,2.0,48.5,0.19984668012509152,0.4466819221967963,0.2,0.45,0.19984668012509152,0.4466819221967963,0.6908927471926546,0.488,candidate_domain_solve_period,candidate_domain_solve_packet,1.0,1.0,0.0,1.0,0.0,0.0,0.0
7,48,4,100,8.2,L13,2.0,58.2,0.19984668012509152,0.300228832951945,0.2,0.3,0.19984668012509152,0.300228832951945,0.6003669947856352,0.6559999999999999,candidate_domain_solve_period,candidate_domain_solve_packet,1.0,1.0,0.0,1.0,0.0,0.0,0.0
7,48,8,100,4.1,L14,2.0,58.2,0.19984668012509152,0.300228832951945,0.2,0.3,0.19984668012509152,0.300228832951945,0.6003669947856352,0.32799999999999996,candidate_domain_solve_period,candidate_domain_solve_packet,1.0,1.0,0.0,1.0,0.0,0.0,0.0
7,48,4,100,10.9,L15,2.0,58.2,0.19984668012509152,0.39908466819221966,0.2,0.4,0.19984668012509152,0.39908466819221966,0.6663279010414835,0.872,candidate_domain_solve_period,candidate_domain_solve_packet,1.0,1.0,0.0,1.0,0.0,0.0,0.0
7,48,8,100,5.5,L16,2.0,58.2,0.19984668012509152,0.40274599542334094,0.2,0.4,0.19984668012509152,0.40274599542334094,0.6683552783923125,0.44,candidate_domain_solve_period,candidate_domain_solve_packet,1.0,1.0,0.0,1.0,0.0,0.0,0.0
7,48,4,100,12.3,L17,2.0,58.2,0.19984668012509152,0.45034324942791765,0.2,0.45,0.19984668012509152,0.45034324942791765,0.6926333813529201,0.9840000000000001,candidate_domain_solve_period,candidate_domain_solve_packet,1.0,1.0,0.0,1.0,0.0,0.0,0.0
7,48,8,100,6.1,L18,2.0,58.2,0.19984668012509152,0.4466819221967963,0.2,0.45,0.19984668012509152,0.4466819221967963,0.6908927471926546,0.488,candidate_domain_solve_period,candidate_domain_solve_packet,1.0,1.0,0.0,1.0,0.0,0.0,0.0
8,32,4,100,8.2,L01,2.0,38.8,0.19984668012509155,0.300228832951945,0.2,0.3,0.19984668012509155,0.300228832951945,0.6003669947856352,0.6559999999999999,candidate_domain_solve_period,candidate_domain_solve_packet,1.0,1.0,0.0,1.0,0.0,0.0,0.0
8,32,8,100,4.1,L02,2.0,38.8,0.19984668012509155,0.300228832951945,0.2,0.3,0.19984668012509155,0.300228832951945,0.6003669947856352,0.32799999999999996,candidate_domain_solve_period,candidate_domain_solve_packet,1.0,1.0,0.0,1.0,0.0,0.0,0.0
8,32,4,100,10.9,L03,2.0,38.8,0.19984668012509155,0.39908466819221966,0.2,0.4,0.19984668012509155,0.39908466819221966,0.6663279010414835,0.872,candidate_domain_solve_period,candidate_domain_solve_packet,0.965,0.965,0.0,1.0,0.0,0.0,0.0
8,32,8,100,5.5,L04,2.0,38.8,0.19984668012509155,0.40274599542334094,0.2,0.4,0.19984668012509155,0.40274599542334094,0.6683552783923122,0.44,candidate_domain_solve_period,candidate_domain_solve_packet,0.67875,0.6925,0.01375,1.001862864441,0.0,0.0027586485005233197,-0.0027586485005233197
8,32,4,100,12.3,L05,2.0,38.8,0.19984668012509155,0.45034324942791765,0.2,0.45,0.19984668012509155,0.45034324942791765,0.6926333813529201,0.9840000000000001,candidate_domain_solve_period,candidate_domain_solve_packet,0.5625,0.545,-0.0175,1.0,-4.3345543345507664e-05,0.0005885319127271749,-0.0005885319127271194
8,32,8,100,6.1,L06,2.0,38.8,0.19984668012509155,0.4466819221967963,0.2,0.45,0.19984668012509155,0.4466819221967963,0.6908927471926544,0.488,candidate_domain_solve_period,candidate_domain_solve_packet,0.4525,0.445,-0.0075,0.998207791557,0.0,-0.003170540244174347,0.0031705402441744024
8,40,4,100,8.2,L07,2.0,48.5,0.19984668012509152,0.300228832951945,0.2,0.3,0.19984668012509152,0.300228832951945,0.6003669947856352,0.6559999999999999,candidate_domain_solve_period,candidate_domain_solve_packet,1.0,1.0,0.0,1.0,0.0,0.0,0.0
8,40,8,100,4.1,L08,2.0,48.5,0.19984668012509152,0.300228832951945,0.2,0.3,0.19984668012509152,0.300228832951945,0.6003669947856352,0.32799999999999996,candidate_domain_solve_period,candidate_domain_solve_packet,1.0,1.0,0.0,1.0,0.0,0.0,0.0
8,40,4,100,10.9,L09,2.0,48.5,0.19984668012509152,0.39908466819221966,0.2,0.4,0.19984668012509152,0.39908466819221966,0.6663279010414835,0.872,candidate_domain_solve_period,candidate_domain_solve_packet,0.7825,0.7825,0.0,1.0,0.0,0.0,0.0
8,40,8,100,5.5,L10,2.0,48.5,0.19984668012509152,0.40274599542334094,0.2,0.4,0.19984668012509152,0.40274599542334094,0.6683552783923125,0.44,candidate_domain_solve_period,candidate_domain_solve_packet,0.61625,0.60125,-0.015,0.999225313455,0.0,-0.0019829318802421225,0.0019829318802422335
8,40,4,100,12.3,L11,2.0,48.5,0.19984668012509152,0.45034324942791765,0.2,0.45,0.19984668012509152,0.45034324942791765,0.6926333813529201,0.9840000000000001,candidate_domain_solve_period,candidate_domain_solve_packet,0.355,0.345,-0.01,0.999930399605,0.0,-0.002502953815400888,0.002502953815400888
8,40,8,100,6.1,L12,2.0,48.5,0.19984668012509152,0.4466819221967963,0.2,0.45,0.19984668012509152,0.4466819221967963,0.6908927471926546,0.488,candidate_domain_solve_period,candidate_domain_solve_packet,0.35,0.34625,-0.00375,1.002737471913,0.0,0.000225387418984202,-0.00022538741898425751
8,48,4,100,8.2,L13,2.0,58.2,0.19984668012509152,0.300228832951945,0.2,0.3,0.19984668012509152,0.300228832951945,0.6003669947856352,0.6559999999999999,candidate_domain_solve_period,candidate_domain_solve_packet,1.0,1.0,0.0,1.0,0.0,0.0,0.0
8,48,8,100,4.1,L14,2.0,58.2,0.19984668012509152,0.300228832951945,0.2,0.3,0.19984668012509152,0.300228832951945,0.6003669947856352,0.32799999999999996,candidate_domain_solve_period,candidate_domain_solve_packet,0.9575,0.97125,0.01375,0.999992734964,0.0,0.00159953796552198,-0.0015995379655220354
8,48,4,100,10.9,L15,2.0,58.2,0.19984668012509152,0.39908466819221966,0.2,0.4,0.19984668012509152,0.39908466819221966,0.6663279010414835,0.872,candidate_domain_solve_period,candidate_domain_solve_packet,0.5025,0.495,-0.0075,1.000152908224,0.0001929181929181123,-0.0020965869006130955,0.0020965869006129845
8,48,8,100,5.5,L16,2.0,58.2,0.19984668012509152,0.40274599542334094,0.2,0.4,0.19984668012509152,0.40274599542334094,0.6683552783923125,0.44,candidate_domain_solve_period,candidate_domain_solve_packet,0.48625,0.51625,0.03,0.998242205951,0.0,-0.000600732600732623,0.0006007326007326785
8,48,4,100,12.3,L17,2.0,58.2,0.19984668012509152,0.45034324942791765,0.2,0.45,0.19984668012509152,0.45034324942791765,0.6926333813529201,0.9840000000000001,candidate_domain_solve_period,candidate_domain_solve_packet,0.2725,0.2825,0.01,1.000413316649,0.0,0.002668611473013671,-0.002668611473013671
8,48,8,100,6.1,L18,2.0,58.2,0.19984668012509152,0.4466819221967963,0.2,0.45,0.19984668012509152,0.4466819221967963,0.6908927471926546,0.488,candidate_domain_solve_period,candidate_domain_solve_packet,0.28125,0.2875,0.00625,0.998897081822,0.0,0.0004664224664224781,-0.0004664224664224781
9,32,4,100,8.2,L01,2.0,38.8,0.19984668012509155,0.300228832951945,0.2,0.3,0.19984668012509155,0.300228832951945,0.6003669947856352,0.6559999999999999,candidate_domain_solve_period,candidate_domain_solve_packet,1.0,1.0,0.0,1.0,0.0,0.0,0.0
9,32,8,100,4.1,L02,2.0,38.8,0.19984668012509155,0.300228832951945,0.2,0.3,0.19984668012509155,0.300228832951945,0.6003669947856352,0.32799999999999996,candidate_domain_solve_period,candidate_domain_solve_packet,1.0,1.0,0.0,1.0,0.0,0.0,0.0
9,32,4,100,10.9,L03,2.0,38.8,0.19984668012509155,0.39908466819221966,0.2,0.4,0.19984668012509155,0.39908466819221966,0.6663279010414835,0.872,candidate_domain_solve_period,candidate_domain_solve_packet,0.425,0.4275,0.0025,0.999695652886,0.0,0.0017216117216117266,-0.001721611721611671
9,32,8,100,5.5,L04,2.0,38.8,0.19984668012509155,0.40274599542334094,0.2,0.4,0.19984668012509155,0.40274599542334094,0.6683552783923122,0.44,candidate_domain_solve_period,candidate_domain_solve_packet,0.615,0.63,0.015,1.002000155025,0.0,0.0031233211233211433,-0.0031233211233211433
9,32,4,100,12.3,L05,2.0,38.8,0.19984668012509155,0.45034324942791765,0.2,0.45,0.19984668012509155,0.45034324942791765,0.6926333813529201,0.9840000000000001,candidate_domain_solve_period,candidate_domain_solve_packet,0.235,0.225,-0.01,0.998788437736,0.0,0.00042612942612946236,-0.00042612942612940685
9,32,8,100,6.1,L06,2.0,38.8,0.19984668012509155,0.4466819221967963,0.2,0.45,0.19984668012509155,0.4466819221967963,0.6908927471926544,0.488,candidate_domain_solve_period,candidate_domain_solve_packet,0.37625,0.41625,0.04,1.001367651366,0.0,0.00036446886446883653,-0.00036446886446894755
9,40,4,100,8.2,L07,2.0,48.5,0.19984668012509152,0.300228832951945,0.2,0.3,0.19984668012509152,0.300228832951945,0.6003669947856352,0.6559999999999999,candidate_domain_solve_period,candidate_domain_solve_packet,1.0,1.0,0.0,1.0,0.0,0.0,0.0
9,40,8,100,4.1,L08,2.0,48.5,0.19984668012509152,0.300228832951945,0.2,0.3,0.19984668012509152,0.300228832951945,0.6003669947856352,0.32799999999999996,candidate_domain_solve_period,candidate_domain_solve_packet,1.0,1.0,0.0,1.0,0.0,0.0,0.0
9,40,4,100,10.9,L09,2.0,48.5,0.19984668012509152,0.39908466819221966,0.2,0.4,0.19984668012509152,0.39908466819221966,0.6663279010414835,0.872,candidate_domain_solve_period,candidate_domain_solve_packet,0.3275,0.34,0.0125,0.999548271247,0.0,-5.3113553113603995e-05,5.3113553113548484e-05
9,40,8,100,5.5,L10,2.0,48.5,0.19984668012509152,0.40274599542334094,0.2,0.4,0.19984668012509152,0.40274599542334094,0.6683552783923125,0.44,candidate_domain_solve_period,candidate_domain_solve_packet,0.505,0.52625,0.02125,0.999282819113,0.0,-0.0009755799755800099,0.0009755799755799544
9,40,4,100,12.3,L11,2.0,48.5,0.19984668012509152,0.45034324942791765,0.2,0.45,0.19984668012509152,0.45034324942791765,0.6926333813529201,0.9840000000000001,candidate_domain_solve_period,candidate_domain_solve_packet,0.17,0.175,0.005,0.999432901648,0.0,-0.0024786324786324476,0.0024786324786325586
9,40,8,100,6.1,L12,2.0,48.5,0.19984668012509152,0.4466819221967963,0.2,0.45,0.19984668012509152,0.4466819221967963,0.6908927471926546,0.488,candidate_domain_solve_period,candidate_domain_solve_packet,0.3125,0.3125,0.0,1.003406731818,0.0,-2.9304029304011436e-05,2.9304029304011436e-05
9,48,4,100,8.2,L13,2.0,58.2,0.19984668012509152,0.300228832951945,0.2,0.3,0.19984668012509152,0.300228832951945,0.6003669947856352,0.6559999999999999,candidate_domain_solve_period,candidate_domain_solve_packet,0.985,0.985,0.0,1.0,0.0,0.0,0.0
9,48,8,100,4.1,L14,2.0,58.2,0.19984668012509152,0.300228832951945,0.2,0.3,0.19984668012509152,0.300228832951945,0.6003669947856352,0.32799999999999996,candidate_domain_solve_period,candidate_domain_solve_packet,0.96125,0.96625,0.005,1.000201016017,0.0,-0.0026391941391941676,0.002639194139194112
9,48,4,100,10.9,L15,2.0,58.2,0.19984668012509152,0.39908466819221966,0.2,0.4,0.19984668012509152,0.39908466819221966,0.6663279010414835,0.872,candidate_domain_solve_period,candidate_domain_solve_packet,0.235,0.235,0.0,1.000160515128,0.0,0.0012301587301586925,-0.001230158730158748
9,48,8,100,5.5,L16,2.0,58.2,0.19984668012509152,0.40274599542334094,0.2,0.4,0.19984668012509152,0.40274599542334094,0.6683552783923125,0.44,candidate_domain_solve_period,candidate_domain_solve_packet,0.42,0.4125,-0.0075,0.99850573257,0.0,-0.0014194139194139144,0.0014194139194139144
9,48,4,100,12.3,L17,2.0,58.2,0.19984668012509152,0.45034324942791765,0.2,0.45,0.19984668012509152,0.45034324942791765,0.6926333813529201,0.9840000000000001,candidate_domain_solve_period,candidate_domain_solve_packet,0.1525,0.13,-0.0225,0.997930311883,0.0,-0.0008937728937729039,0.0008937728937729039
9,48,8,100,6.1,L18,2.0,58.2,0.19984668012509152,0.4466819221967963,0.2,0.45,0.19984668012509152,0.4466819221967963,0.6908927471926546,0.488,candidate_domain_solve_period,candidate_domain_solve_packet,0.25375,0.25,-0.00375,1.001457650276,0.0,0.000521367521367555,-0.000521367521367555
10,32,4,100,8.2,L01,2.0,38.8,0.19984668012509155,0.300228832951945,0.2,0.3,0.19984668012509155,0.300228832951945,0.6003669947856352,0.6559999999999999,candidate_domain_solve_period,candidate_domain_solve_packet,1.0,1.0,0.0,1.0,0.0,0.0,0.0
10,32,8,100,4.1,L02,2.0,38.8,0.19984668012509155,0.300228832951945,0.2,0.3,0.19984668012509155,0.300228832951945,0.6003669947856352,0.32799999999999996,candidate_domain_solve_period,candidate_domain_solve_packet,1.0,1.0,0.0,1.0,0.0,0.0,0.0
10,32,4,100,10.9,L03,2.0,38.8,0.19984668012509155,0.39908466819221966,0.2,0.4,0.19984668012509155,0.39908466819221966,0.6663279010414835,0.872,candidate_domain_solve_period,candidate_domain_solve_packet,1.0,1.0,0.0,1.0,0.0,0.0,0.0
10,32,8,100,5.5,L04,2.0,38.8,0.19984668012509155,0.40274599542334094,0.2,0.4,0.19984668012509155,0.40274599542334094,0.6683552783923122,0.44,candidate_domain_solve_period,candidate_domain_solve_packet,0.8175,0.8375,0.02,1.001063364957,0.0,0.002422466422466407,-0.0024224664224663517
10,32,4,100,12.3,L05,2.0,38.8,0.19984668012509155,0.45034324942791765,0.2,0.45,0.19984668012509155,0.45034324942791765,0.6926333813529201,0.9840000000000001,candidate_domain_solve_period,candidate_domain_solve_packet,1.0,1.0,0.0,1.0,0.0,0.0,0.0
10,32,8,100,6.1,L06,2.0,38.8,0.19984668012509155,0.4466819221967963,0.2,0.45,0.19984668012509155,0.4466819221967963,0.6908927471926544,0.488,candidate_domain_solve_period,candidate_domain_solve_packet,0.5425,0.54875,0.00625,0.997949265617,0.0,-0.0027838827838828073,0.002783882783882752
10,40,4,100,8.2,L07,2.0,48.5,0.19984668012509152,0.300228832951945,0.2,0.3,0.19984668012509152,0.300228832951945,0.6003669947856352,0.6559999999999999,candidate_domain_solve_period,candidate_domain_solve_packet,1.0,1.0,0.0,1.0,0.0,0.0,0.0
10,40,8,100,4.1,L08,2.0,48.5,0.19984668012509152,0.300228832951945,0.2,0.3,0.19984668012509152,0.300228832951945,0.6003669947856352,0.32799999999999996,candidate_domain_solve_period,candidate_domain_solve_packet,1.0,1.0,0.0,1.0,0.0,0.0,0.0
10,40,4,100,10.9,L09,2.0,48.5,0.19984668012509152,0.39908466819221966,0.2,0.4,0.19984668012509152,0.39908466819221966,0.6663279010414835,0.872,candidate_domain_solve_period,candidate_domain_solve_packet,1.0,1.0,0.0,1.0,0.0,0.0,0.0
10,40,8,100,5.5,L10,2.0,48.5,0.19984668012509152,0.40274599542334094,0.2,0.4,0.19984668012509152,0.40274599542334094,0.6683552783923125,0.44,candidate_domain_solve_period,candidate_domain_solve_packet,0.77125,0.75125,-0.02,0.998923857664,0.0,-0.002391330891330923,0.002391330891330923
10,40,4,100,12.3,L11,2.0,48.5,0.19984668012509152,0.45034324942791765,0.2,0.45,0.19984668012509152,0.45034324942791765,0.6926333813529201,0.9840000000000001,candidate_domain_solve_period,candidate_domain_solve_packet,1.0,1.0,0.0,1.0,0.0,0.0,0.0
10,40,8,100,6.1,L12,2.0,48.5,0.19984668012509152,0.4466819221967963,0.2,0.45,0.19984668012509152,0.4466819221967963,0.6908927471926546,0.488,candidate_domain_solve_period,candidate_domain_solve_packet,0.47125,0.46,-0.01125,1.000407831607,0.0,-0.00029059829059829845,0.00029059829059829845
10,48,4,100,8.2,L13,2.0,58.2,0.19984668012509152,0.300228832951945,0.2,0.3,0.19984668012509152,0.300228832951945,0.6003669947856352,0.6559999999999999,candidate_domain_solve_period,candidate_domain_solve_packet,1.0,1.0,0.0,1.0,0.0,0.0,0.0
10,48,8,100,4.1,L14,2.0,58.2,0.19984668012509152,0.300228832951945,0.2,0.3,0.19984668012509152,0.300228832951945,0.6003669947856352,0.32799999999999996,candidate_domain_solve_period,candidate_domain_solve_packet,1.0,1.0,0.0,1.0,0.0,0.0,0.0
10,48,4,100,10.9,L15,2.0,58.2,0.19984668012509152,0.39908466819221966,0.2,0.4,0.19984668012509152,0.39908466819221966,0.6663279010414835,0.872,candidate_domain_solve_period,candidate_domain_solve_packet,1.0,1.0,0.0,1.0,0.0,0.0,0.0
10,48,8,100,5.5,L16,2.0,58.2,0.19984668012509152,0.40274599542334094,0.2,0.4,0.19984668012509152,0.40274599542334094,0.6683552783923125,0.44,candidate_domain_solve_period,candidate_domain_solve_packet,0.5975,0.60875,0.01125,0.999763382258,0.0,-0.004595848595848606,0.004595848595848495
10,48,4,100,12.3,L17,2.0,58.2,0.19984668012509152,0.45034324942791765,0.2,0.45,0.19984668012509152,0.45034324942791765,0.6926333813529201,0.9840000000000001,candidate_domain_solve_period,candidate_domain_solve_packet,1.0,1.0,0.0,1.0,0.0,0.0,0.0
10,48,8,100,6.1,L18,2.0,58.2,0.19984668012509152,0.4466819221967963,0.2,0.45,0.19984668012509152,0.4466819221967963,0.6908927471926546,0.488,candidate_domain_solve_period,candidate_domain_solve_packet,0.385,0.37875,-0.00625,1.000519223969,0.0,-0.0025549450549450237,0.0025549450549451347
11,32,4,100,8.2,L01,2.0,38.8,0.19984668012509155,0.300228832951945,0.2,0.3,0.19984668012509155,0.300228832951945,0.6003669947856352,0.6559999999999999,candidate_domain_solve_period,candidate_domain_solve_packet,0.58,0.575,-0.005,1.0,0.0,0.0015155826566539687,-0.0015155826566539687
11,32,8,100,4.1,L02,2.0,38.8,0.19984668012509155,0.300228832951945,0.2,0.3,0.19984668012509155,0.300228832951945,0.6003669947856352,0.32799999999999996,candidate_domain_solve_period,candidate_domain_solve_packet,0.9925,0.99875,0.00625,1.000129262706,0.0,0.002288639724874697,-0.002288639724874808
11,32,4,100,10.9,L03,2.0,38.8,0.19984668012509155,0.39908466819221966,0.2,0.4,0.19984668012509155,0.39908466819221966,0.6663279010414835,0.872,candidate_domain_solve_period,candidate_domain_solve_packet,0.005,0.005,0.0,1.004970676338,0.0,0.003934286485423655,-0.00393428648542371
11,32,8,100,5.5,L04,2.0,38.8,0.19984668012509155,0.40274599542334094,0.2,0.4,0.19984668012509155,0.40274599542334094,0.6683552783923122,0.44,candidate_domain_solve_period,candidate_domain_solve_packet,0.19875,0.225,0.02625,0.999952788948,0.0,0.0003621033502803628,-0.00036210335028030727
11,32,4,100,12.3,L05,2.0,38.8,0.19984668012509155,0.45034324942791765,0.2,0.45,0.19984668012509155,0.45034324942791765,0.6926333813529201,0.9840000000000001,candidate_domain_solve_period,candidate_domain_solve_packet,0.0,0.0,0.0,1.004220323555,0.0,0.004990675686072893,-0.00499067568607281
11,32,8,100,6.1,L06,2.0,38.8,0.19984668012509155,0.4466819221967963,0.2,0.45,0.19984668012509155,0.4466819221967963,0.6908927471926544,0.488,candidate_domain_solve_period,candidate_domain_solve_packet,0.02875,0.03,0.00125,1.004349414794,0.0,-0.00017830384195927085,0.00017830384195927085
11,40,4,100,8.2,L07,2.0,48.5,0.19984668012509152,0.300228832951945,0.2,0.3,0.19984668012509152,0.300228832951945,0.6003669947856352,0.6559999999999999,candidate_domain_solve_period,candidate_domain_solve_packet,0.29,0.2825,-0.0075,1.000011390122,0.0,-0.00199145299145298,0.00199145299145298
11,40,8,100,4.1,L08,2.0,48.5,0.19984668012509152,0.300228832951945,0.2,0.3,0.19984668012509152,0.300228832951945,0.6003669947856352,0.32799999999999996,candidate_domain_solve_period,candidate_domain_solve_packet,0.95875,0.97,0.01125,1.000173230029,0.0,-0.001642857142857168,0.001642857142857168
11,40,4,100,10.9,L09,2.0,48.5,0.19984668012509152,0.39908466819221966,0.2,0.4,0.19984668012509152,0.39908466819221966,0.6663279010414835,0.872,candidate_domain_solve_period,candidate_domain_solve_packet,0.0,0.0,0.0,0.998466482323,0.0,0.001910866910866893,-0.0019108669108668375
11,40,8,100,5.5,L10,2.0,48.5,0.19984668012509152,0.40274599542334094,0.2,0.4,0.19984668012509152,0.40274599542334094,0.6683552783923125,0.44,candidate_domain_solve_period,candidate_domain_solve_packet,0.08625,0.1275,0.04125,1.002365898347,0.0,0.00010317460317460503,-0.00010317460317454952
11,40,4,100,12.3,L11,2.0,48.5,0.19984668012509152,0.45034324942791765,0.2,0.45,0.19984668012509152,0.45034324942791765,0.6926333813529201,0.9840000000000001,candidate_domain_solve_period,candidate_domain_solve_packet,0.0,0.0,0.0,1.243656806968,0.0,0.03993894993894995,-0.039938949938949864
11,40,8,100,6.1,L12,2.0,48.5,0.19984668012509152,0.4466819221967963,0.2,0.45,0.19984668012509152,0.4466819221967963,0.6908927471926546,0.488,candidate_domain_solve_period,candidate_domain_solve_packet,0.01375,0.01375,0.0,1.008419991319,0.0,0.0015769230769230869,-0.0015769230769230314
11,48,4,100,8.2,L13,2.0,58.2,0.19984668012509152,0.300228832951945,0.2,0.3,0.19984668012509152,0.300228832951945,0.6003669947856352,0.6559999999999999,candidate_domain_solve_period,candidate_domain_solve_packet,0.2025,0.18,-0.0225,1.000202548845,0.0,0.0016587301587301928,-0.0016587301587301928
11,48,8,100,4.1,L14,2.0,58.2,0.19984668012509152,0.300228832951945,0.2,0.3,0.19984668012509152,0.300228832951945,0.6003669947856352,0.32799999999999996,candidate_domain_solve_period,candidate_domain_solve_packet,0.91,0.91375,0.00375,0.999976288601,0.0,0.0006239316239315951,-0.0006239316239315951
11,48,4,100,10.9,L15,2.0,58.2,0.19984668012509152,0.39908466819221966,0.2,0.4,0.19984668012509152,0.39908466819221966,0.6663279010414835,0.872,candidate_domain_solve_period,candidate_domain_solve_packet,0.0,0.0,0.0,1.003075226656,0.0,0.002266788766788763,-0.002266788766788763
11,48,8,100,5.5,L16,2.0,58.2,0.19984668012509152,0.40274599542334094,0.2,0.4,0.19984668012509152,0.40274599542334094,0.6683552783923125,0.44,candidate_domain_solve_period,candidate_domain_solve_packet,0.0725,0.05625,-0.01625,0.997256817969,0.0,-0.0009627594627594771,0.0009627594627594771
11,48,4,100,12.3,L17,2.0,58.2,0.19984668012509152,0.45034324942791765,0.2,0.45,0.19984668012509152,0.45034324942791765,0.6926333813529201,0.9840000000000001,candidate_domain_solve_period,candidate_domain_solve_packet,0.0,0.0,0.0,1.065996476957,0.0,0.033303418803418805,-0.033303418803418805
11,48,8,100,6.1,L18,2.0,58.2,0.19984668012509152,0.4466819221967963,0.2,0.45,0.19984668012509152,0.4466819221967963,0.6908927471926546,0.488,candidate_domain_solve_period,candidate_domain_solve_packet,0.0125,0.0125,0.0,1.003101647602,0.0,-0.003904761904761883,0.0039047619047618554
